Repository,Filename,Presegmented,SGM Manually Corrected,SGM GitHub Corrected,Transcript,Transcript Manually Corrected,DropCapitalZone,GraphicZone,Other
Bucer_Eph_001,bsb00035303_00001.xml,Y,Y,Y,N,N, -, -, -
Bucer_Eph_001,bsb00035303_00002.xml,Y,N,N,N,N, -, -, -
Bucer_Eph_001,bsb00035303_00003.xml,Y,N,N,N,N, -, -, -
Bucer_Eph_001,bsb00035303_00004.xml,Y,N,N,N,N, -, -, -
Bucer_Eph_001,bsb00035303_00005.xml,Y,N,N,N,N, -, -, -
Bucer_Eph_001,bsb00035303_00006.xml,Y,N,N,N,N, -, -, -
Bucer_Eph_001,bsb00035303_00007.xml,Y,N,N,N,N, -, -, -
Bucer_Eph_001,bsb00035303_00008.xml,Y,N,N,N,N, -, -, -
Bucer_Eph_001,bsb00035303_00009.xml,Y,N,N,N,N, -, -, -
Bucer_Eph_001,bsb00035303_00010.xml,Y,N,N,N,N, -, -, -
Bucer_Eph_001,bsb00035303_00011.xml,Y,N,N,N,N, -, -, -
Bucer_Eph_001,bsb00035303_00012.xml,Y,N,N,N,N, -, -, -
Bucer_Eph_001,bsb00035303_00013.xml,Y,N,N,N,N, -, -, -
Bucer_Eph_001,bsb00035303_00014.xml,Y,N,N,N,N, -, -, -
Bucer_Eph_001,bsb00035303_00015.xml,Y,N,N,N,N, -, -, -
Bucer_Eph_001,bsb00035303_00016.xml,Y,N,N,N,N, -, -, -
Bucer_Eph_001,bsb00035303_00017.xml,Y,N,N,N,N, -, -, -
Bucer_Eph_001,bsb00035303_00018.xml,Y,N,N,N,N, -, -, -
Bucer_Eph_001,bsb00035303_00019.xml,Y,N,N,N,N, -, -, -
Bucer_Eph_001,bsb00035303_00020.xml,Y,N,N,N,N, -, -, -
Bucer_Eph_001,bsb00035303_00021.xml,Y,N,N,N,N, -, -, -
Bucer_Eph_001,bsb00035303_00022.xml,Y,N,N,N,N, -, -, -
Bucer_Eph_001,bsb00035303_00023.xml,Y,N,N,N,N, -, -, -
Bucer_Eph_001,bsb00035303_00024.xml,Y,N,N,N,N, -, -, -
Bucer_Eph_001,bsb00035303_00025.xml,Y,N,N,N,N, -, -, -
Bucer_Eph_001,bsb00035303_00026.xml,Y,N,N,N,N, -, -, -
Bucer_Eph_001,bsb00035303_00027.xml,Y,N,N,N,N, -, -, -
Bucer_Eph_001,bsb00035303_00028.xml,Y,N,N,N,N, -, -, -
Bucer_Eph_001,bsb00035303_00029.xml,Y,N,N,N,N, -, -, -
Bucer_Eph_001,bsb00035303_00030.xml,Y,N,N,N,N, -, -, -
Bucer_Eph_001,bsb00035303_00031.xml,Y,N,N,N,N, -, -, -
Bucer_Eph_001,bsb00035303_00032.xml,Y,N,N,N,N, -, -, -
Bucer_Eph_001,bsb00035303_00033.xml,Y,N,N,N,N, -, -, -
Bucer_Eph_001,bsb00035303_00034.xml,Y,N,N,N,N, -, -, -
Bucer_Eph_001,bsb00035303_00035.xml,Y,N,N,N,N, -, -, -
Bucer_Eph_001,bsb00035303_00036.xml,Y,N,N,N,N, -, -, -
Bucer_Eph_001,bsb00035303_00037.xml,Y,N,N,N,N, -, -, -
Bucer_Eph_001,bsb00035303_00038.xml,Y,N,N,N,N, -, -, -
Bucer_Eph_001,bsb00035303_00039.xml,Y,N,N,N,N, -, -, -
Bucer_Eph_001,bsb00035303_00040.xml,Y,N,N,N,N, -, -, -
Bucer_Eph_001,bsb00035303_00041.xml,Y,N,N,N,N, -, -, -
Bucer_Eph_001,bsb00035303_00042.xml,Y,N,N,N,N, -, -, -
Bucer_Eph_001,bsb00035303_00043.xml,Y,N,N,N,N, -, -, -
Bucer_Eph_001,bsb00035303_00044.xml,Y,N,N,N,N, -, -, -
Bucer_Eph_001,bsb00035303_00045.xml,Y,N,N,N,N, -, -, -
Bucer_Eph_001,bsb00035303_00046.xml,Y,N,N,N,N, -, -, -
Bucer_Eph_001,bsb00035303_00047.xml,Y,N,N,N,N, -, -, -
Bucer_Eph_001,bsb00035303_00048.xml,Y,N,N,N,N, -, -, -
Bucer_Eph_001,bsb00035303_00049.xml,Y,N,N,N,N, -, -, -
Bucer_Eph_001,bsb00035303_00050.xml,Y,N,N,N,N, -, -, -
Bucer_Eph_001,bsb00035303_00051.xml,Y,N,N,N,N, -, -, -
Bucer_Eph_001,bsb00035303_00052.xml,Y,N,N,N,N, -, -, -
Bucer_Eph_001,bsb00035303_00053.xml,Y,N,N,N,N, -, -, -
Bucer_Eph_001,bsb00035303_00054.xml,Y,N,N,N,N, -, -, -
Bucer_Eph_001,bsb00035303_00055.xml,Y,N,N,N,N, -, -, -
Bucer_Eph_001,bsb00035303_00056.xml,Y,N,N,N,N, -, -, -
Bucer_Eph_001,bsb00035303_00057.xml,Y,N,N,N,N, -, -, -
Bucer_Eph_001,bsb00035303_00058.xml,Y,N,N,N,N, -, -, -
Bucer_Eph_001,bsb00035303_00059.xml,Y,N,N,N,N, -, -, -
Bucer_Eph_001,bsb00035303_00060.xml,Y,N,N,N,N, -, -, -
Bucer_Eph_001,bsb00035303_00061.xml,Y,N,N,N,N, -, -, -
Bucer_Eph_001,bsb00035303_00062.xml,Y,N,N,N,N, -, -, -
Bucer_Eph_001,bsb00035303_00063.xml,Y,N,N,N,N, -, -, -
Bucer_Eph_001,bsb00035303_00064.xml,Y,N,N,N,N, -, -, -
Bucer_Eph_001,bsb00035303_00065.xml,Y,N,N,N,N, -, -, -
Bucer_Eph_001,bsb00035303_00066.xml,Y,N,N,N,N, -, -, -
Bucer_Eph_001,bsb00035303_00067.xml,Y,N,N,N,N, -, -, -
Bucer_Eph_001,bsb00035303_00068.xml,Y,N,N,N,N, -, -, -
Bucer_Eph_001,bsb00035303_00069.xml,Y,N,N,N,N, -, -, -
Bucer_Eph_001,bsb00035303_00070.xml,Y,N,N,N,N, -, -, -
Bucer_Eph_001,bsb00035303_00071.xml,Y,N,N,N,N, -, -, -
Bucer_Eph_001,bsb00035303_00072.xml,Y,N,N,N,N, -, -, -
Bucer_Eph_001,bsb00035303_00073.xml,Y,N,N,N,N, -, -, -
Bucer_Eph_001,bsb00035303_00074.xml,Y,N,N,N,N, -, -, -
Bucer_Eph_001,bsb00035303_00075.xml,Y,N,N,N,N, -, -, -
Bucer_Eph_001,bsb00035303_00076.xml,Y,N,N,N,N, -, -, -
Bucer_Eph_001,bsb00035303_00077.xml,Y,N,N,N,N, -, -, -
Bucer_Eph_001,bsb00035303_00078.xml,Y,N,N,N,N, -, -, -
Bucer_Eph_001,bsb00035303_00079.xml,Y,N,N,N,N, -, -, -
Bucer_Eph_001,bsb00035303_00080.xml,Y,N,N,N,N, -, -, -
Bucer_Eph_001,bsb00035303_00081.xml,Y,N,N,N,N, -, -, -
Bucer_Eph_001,bsb00035303_00082.xml,Y,N,N,N,N, -, -, -
Bucer_Eph_001,bsb00035303_00083.xml,Y,N,N,N,N, -, -, -
Bucer_Eph_001,bsb00035303_00084.xml,Y,N,N,N,N, -, -, -
Bucer_Eph_001,bsb00035303_00085.xml,Y,N,N,N,N, -, -, -
Bucer_Eph_001,bsb00035303_00086.xml,Y,N,N,N,N, -, -, -
Bucer_Eph_001,bsb00035303_00087.xml,Y,N,N,N,N, -, -, -
Bucer_Eph_001,bsb00035303_00088.xml,Y,N,N,N,N, -, -, -
Bucer_Eph_001,bsb00035303_00089.xml,Y,N,N,N,N, -, -, -
Bucer_Eph_001,bsb00035303_00090.xml,Y,N,N,N,N, -, -, -
Bucer_Eph_001,bsb00035303_00091.xml,Y,N,N,N,N, -, -, -
Bucer_Eph_001,bsb00035303_00092.xml,Y,N,N,N,N, -, -, -
Bucer_Eph_001,bsb00035303_00093.xml,Y,N,N,N,N, -, -, -
Bucer_Eph_001,bsb00035303_00094.xml,Y,N,N,N,N, -, -, -
Bucer_Eph_001,bsb00035303_00095.xml,Y,N,N,N,N, -, -, -
Bucer_Eph_001,bsb00035303_00096.xml,Y,N,N,N,N, -, -, -
Bucer_Eph_001,bsb00035303_00097.xml,Y,N,N,N,N, -, -, -
Bucer_Eph_001,bsb00035303_00098.xml,Y,N,N,N,N, -, -, -
Bucer_Eph_001,bsb00035303_00099.xml,Y,N,N,N,N, -, -, -
Bucer_Eph_001,bsb00035303_00100.xml,Y,N,N,N,N, -, -, -
Bucer_Eph_001,bsb00035303_00101.xml,Y,N,N,N,N, -, -, -
Bucer_Eph_001,bsb00035303_00102.xml,Y,N,N,N,N, -, -, -
Bucer_Eph_001,bsb00035303_00103.xml,Y,N,N,N,N, -, -, -
Bucer_Eph_001,bsb00035303_00104.xml,Y,N,N,N,N, -, -, -
Bucer_Eph_001,bsb00035303_00105.xml,Y,N,N,N,N, -, -, -
Bucer_Eph_001,bsb00035303_00106.xml,Y,N,N,N,N, -, -, -
Bucer_Eph_001,bsb00035303_00107.xml,Y,N,N,N,N, -, -, -
Bucer_Eph_001,bsb00035303_00108.xml,Y,N,N,N,N, -, -, -
Bucer_Eph_001,bsb00035303_00109.xml,Y,N,N,N,N, -, -, -
Bucer_Eph_001,bsb00035303_00110.xml,Y,N,N,N,N, -, -, -
Bucer_Eph_001,bsb00035303_00111.xml,Y,N,N,N,N, -, -, -
Bucer_Eph_001,bsb00035303_00112.xml,Y,N,N,N,N, -, -, -
Bucer_Eph_001,bsb00035303_00113.xml,Y,N,N,N,N, -, -, -
Bucer_Eph_001,bsb00035303_00114.xml,Y,N,N,N,N, -, -, -
Bucer_Eph_001,bsb00035303_00115.xml,Y,N,N,N,N, -, -, -
Bucer_Eph_001,bsb00035303_00116.xml,Y,N,N,N,N, -, -, -
Bucer_Eph_001,bsb00035303_00117.xml,Y,N,N,N,N, -, -, -
Bucer_Eph_001,bsb00035303_00118.xml,Y,N,N,N,N, -, -, -
Bucer_Eph_001,bsb00035303_00119.xml,Y,N,N,N,N, -, -, -
Bucer_Eph_001,bsb00035303_00120.xml,Y,N,N,N,N, -, -, -
Bucer_Eph_001,bsb00035303_00121.xml,Y,N,N,N,N, -, -, -
Bucer_Eph_001,bsb00035303_00122.xml,Y,N,N,N,N, -, -, -
Bucer_Eph_001,bsb00035303_00123.xml,Y,N,N,N,N, -, -, -
Bucer_Eph_001,bsb00035303_00124.xml,Y,N,N,N,N, -, -, -
Bucer_Eph_001,bsb00035303_00125.xml,Y,N,N,N,N, -, -, -
Bucer_Eph_001,bsb00035303_00126.xml,Y,N,N,N,N, -, -, -
Bucer_Eph_001,bsb00035303_00127.xml,Y,N,N,N,N, -, -, -
Bucer_Eph_001,bsb00035303_00128.xml,Y,N,N,N,N, -, -, -
Bucer_Eph_001,bsb00035303_00129.xml,Y,N,N,N,N, -, -, -
Bucer_Eph_001,bsb00035303_00130.xml,Y,N,N,N,N, -, -, -
Bucer_Eph_001,bsb00035303_00131.xml,Y,N,N,N,N, -, -, -
Bucer_Eph_001,bsb00035303_00132.xml,Y,N,N,N,N, -, -, -
Bucer_Eph_001,bsb00035303_00133.xml,Y,N,N,N,N, -, -, -
Bucer_Eph_001,bsb00035303_00134.xml,Y,N,N,N,N, -, -, -
Bucer_Eph_001,bsb00035303_00135.xml,Y,N,N,N,N, -, -, -
Bucer_Eph_001,bsb00035303_00136.xml,Y,N,N,N,N, -, -, -
Bucer_Eph_001,bsb00035303_00137.xml,Y,N,N,N,N, -, -, -
Bucer_Eph_001,bsb00035303_00138.xml,Y,N,N,N,N, -, -, -
Bucer_Eph_001,bsb00035303_00139.xml,Y,N,N,N,N, -, -, -
Bucer_Eph_001,bsb00035303_00140.xml,Y,N,N,N,N, -, -, -
Bucer_Eph_001,bsb00035303_00141.xml,Y,N,N,N,N, -, -, -
Bucer_Eph_001,bsb00035303_00142.xml,Y,N,N,N,N, -, -, -
Bucer_Eph_001,bsb00035303_00143.xml,Y,N,N,N,N, -, -, -
Bucer_Eph_001,bsb00035303_00144.xml,Y,N,N,N,N, -, -, -
Bucer_Eph_001,bsb00035303_00145.xml,Y,N,N,N,N, -, -, -
Bucer_Eph_001,bsb00035303_00146.xml,Y,N,N,N,N, -, -, -
Bucer_Eph_001,bsb00035303_00147.xml,Y,N,N,N,N, -, -, -
Bucer_Eph_001,bsb00035303_00148.xml,Y,N,N,N,N, -, -, -
Bucer_Eph_001,bsb00035303_00149.xml,Y,N,N,N,N, -, -, -
Bucer_Eph_001,bsb00035303_00150.xml,Y,N,N,N,N, -, -, -
Bucer_Eph_001,bsb00035303_00151.xml,Y,N,N,N,N, -, -, -
Bucer_Eph_001,bsb00035303_00152.xml,Y,N,N,N,N, -, -, -
Bucer_Eph_001,bsb00035303_00153.xml,Y,N,N,N,N, -, -, -
Bucer_Eph_001,bsb00035303_00154.xml,Y,N,N,N,N, -, -, -
Bucer_Eph_001,bsb00035303_00155.xml,Y,N,N,N,N, -, -, -
Bucer_Eph_001,bsb00035303_00156.xml,Y,N,N,N,N, -, -, -
Bucer_Eph_001,bsb00035303_00157.xml,Y,N,N,N,N, -, -, -
Bucer_Eph_001,bsb00035303_00158.xml,Y,N,N,N,N, -, -, -
Bucer_Eph_001,bsb00035303_00159.xml,Y,N,N,N,N, -, -, -
Bucer_Eph_001,bsb00035303_00160.xml,Y,N,N,N,N, -, -, -
Bucer_Eph_001,bsb00035303_00161.xml,Y,N,N,N,N, -, -, -
Bucer_Eph_001,bsb00035303_00162.xml,Y,N,N,N,N, -, -, -
Bucer_Eph_001,bsb00035303_00163.xml,Y,N,N,N,N, -, -, -
Bucer_Eph_001,bsb00035303_00164.xml,Y,N,N,N,N, -, -, -
Bucer_Eph_001,bsb00035303_00165.xml,Y,N,N,N,N, -, -, -
Bucer_Eph_001,bsb00035303_00166.xml,Y,N,N,N,N, -, -, -
Bucer_Eph_001,bsb00035303_00167.xml,Y,N,N,N,N, -, -, -
Bucer_Eph_001,bsb00035303_00168.xml,Y,N,N,N,N, -, -, -
Bucer_Eph_001,bsb00035303_00169.xml,Y,N,N,N,N, -, -, -
Bucer_Eph_001,bsb00035303_00170.xml,Y,N,N,N,N, -, -, -
Bucer_Eph_001,bsb00035303_00171.xml,Y,N,N,N,N, -, -, -
Bucer_Eph_001,bsb00035303_00172.xml,Y,N,N,N,N, -, -, -
Bucer_Eph_001,bsb00035303_00173.xml,Y,N,N,N,N, -, -, -
Bucer_Eph_001,bsb00035303_00174.xml,Y,N,N,N,N, -, -, -
Bucer_Eph_001,bsb00035303_00175.xml,Y,N,N,N,N, -, -, -
Bucer_Eph_001,bsb00035303_00176.xml,Y,N,N,N,N, -, -, -
Bucer_Eph_001,bsb00035303_00177.xml,Y,N,N,N,N, -, -, -
Bucer_Eph_001,bsb00035303_00178.xml,Y,N,N,N,N, -, -, -
Bucer_Eph_001,bsb00035303_00179.xml,Y,N,N,N,N, -, -, -
Bucer_Eph_001,bsb00035303_00180.xml,Y,N,N,N,N, -, -, -
Bucer_Eph_001,bsb00035303_00181.xml,Y,N,N,N,N, -, -, -
Bucer_Eph_001,bsb00035303_00182.xml,Y,N,N,N,N, -, -, -
Bucer_Eph_001,bsb00035303_00183.xml,Y,N,N,N,N, -, -, -
Bucer_Eph_001,bsb00035303_00184.xml,Y,N,N,N,N, -, -, -
Bucer_Eph_001,bsb00035303_00185.xml,Y,N,N,N,N, -, -, -
Bucer_Eph_001,bsb00035303_00186.xml,Y,N,N,N,N, -, -, -
Bucer_Eph_001,bsb00035303_00187.xml,Y,N,N,N,N, -, -, -
Bucer_Eph_001,bsb00035303_00188.xml,Y,N,N,N,N, -, -, -
Bucer_Eph_001,bsb00035303_00189.xml,Y,N,N,N,N, -, -, -
Bucer_Eph_001,bsb00035303_00190.xml,Y,N,N,N,N, -, -, -
Bucer_Eph_001,bsb00035303_00191.xml,Y,N,N,N,N, -, -, -
Bucer_Eph_001,bsb00035303_00192.xml,Y,N,N,N,N, -, -, -
Bucer_Eph_001,bsb00035303_00193.xml,Y,N,N,N,N, -, -, -
Bucer_Eph_001,bsb00035303_00194.xml,Y,N,N,N,N, -, -, -
Bucer_Eph_001,bsb00035303_00195.xml,Y,N,N,N,N, -, -, -
Bucer_Eph_001,bsb00035303_00196.xml,Y,N,N,N,N, -, -, -
Bucer_Eph_001,bsb00035303_00197.xml,Y,N,N,N,N, -, -, -
Bucer_Eph_001,bsb00035303_00198.xml,Y,N,N,N,N, -, -, -
Bucer_Eph_001,bsb00035303_00199.xml,Y,N,N,N,N, -, -, -
Bucer_Eph_001,bsb00035303_00200.xml,Y,N,N,N,N, -, -, -
Bucer_Eph_001,bsb00035303_00201.xml,Y,N,N,N,N, -, -, -
Bucer_Eph_001,bsb00035303_00202.xml,Y,N,N,N,N, -, -, -
Bucer_Eph_001,bsb00035303_00203.xml,Y,N,N,N,N, -, -, -
Bucer_Eph_001,bsb00035303_00204.xml,Y,N,N,N,N, -, -, -
Bucer_Eph_001,bsb00035303_00205.xml,Y,N,N,N,N, -, -, -
Bucer_Eph_001,bsb00035303_00206.xml,Y,N,N,N,N, -, -, -
Bucer_Eph_001,bsb00035303_00207.xml,Y,N,N,N,N, -, -, -
Bucer_Eph_001,bsb00035303_00208.xml,Y,N,N,N,N, -, -, -
Bucer_Eph_001,bsb00035303_00209.xml,Y,N,N,N,N, -, -, -
Bucer_Eph_001,bsb00035303_00210.xml,Y,N,N,N,N, -, -, -
Bucer_Eph_001,bsb00035303_00211.xml,Y,N,N,N,N, -, -, -
Bucer_Eph_001,bsb00035303_00212.xml,Y,N,N,N,N, -, -, -
Bucer_Eph_001,bsb00035303_00213.xml,Y,N,N,N,N, -, -, -
Bucer_Eph_001,bsb00035303_00214.xml,Y,N,N,N,N, -, -, -
Bucer_Eph_001,bsb00035303_00215.xml,Y,N,N,N,N, -, -, -
Bucer_Eph_001,bsb00035303_00216.xml,Y,N,N,N,N, -, -, -
Bucer_Eph_001,bsb00035303_00217.xml,Y,N,N,N,N, -, -, -
Bucer_Eph_001,bsb00035303_00218.xml,Y,N,N,N,N, -, -, -
Bucer_Eph_001,bsb00035303_00219.xml,Y,N,N,N,N, -, -, -
Bucer_Eph_001,bsb00035303_00220.xml,Y,N,N,N,N, -, -, -
Bucer_Eph_001,bsb00035303_00221.xml,Y,N,N,N,N, -, -, -
Bucer_Eph_001,bsb00035303_00222.xml,Y,N,N,N,N, -, -, -
Bucer_Eph_001,bsb00035303_00223.xml,Y,N,N,N,N, -, -, -
Bucer_Eph_001,bsb00035303_00224.xml,Y,N,N,N,N, -, -, -
Bucer_Rm_001,bsb10313792_00466.xml,Y,N,N,N,N,1, -, -
Bucer_Rm_001,bsb10313792_00467.xml,Y,N,N,N,N,2, -, -
Bucer_Rm_001,bsb10313792_00468.xml,Y,Y,Y,Y,N,1, -, -
Bucer_Rm_001,bsb10313792_00469.xml,Y,Y,Y,Y,N, -, -, -
Bucer_Rm_001,bsb10313792_00470.xml,Y,Y,Y,Y,N, -, -, -
Bucer_Rm_001,bsb10313792_00471.xml,Y,N,N,N,N, -, -, -
Bucer_Rm_001,bsb10313792_00472.xml,Y,N,N,N,N, -, -, -
Bucer_Rm_001,bsb10313792_00473.xml,Y,N,N,N,N, -, -, -
Bucer_Rm_001,bsb10313792_00474.xml,Y,N,N,N,N, -, -, -
Bucer_Rm_001,bsb10313792_00475.xml,Y,N,N,N,N, -, -, -
Bucer_Rm_001,bsb10313792_00476.xml,Y,N,N,N,N, -, -, -
Bucer_Rm_001,bsb10313792_00477.xml,Y,N,N,N,N, -, -, -
Bucer_Rm_001,bsb10313792_00478.xml,Y,N,N,N,N, -, -, -
Bucer_Rm_001,bsb10313792_00479.xml,Y,N,N,N,N, -, -, -
Bucer_Rm_001,bsb10313792_00480.xml,Y,N,N,N,N, -, -, -
Bucer_Rm_001,bsb10313792_00481.xml,Y,N,N,N,N, -, -, -
Bucer_Rm_001,bsb10313792_00482.xml,Y,N,N,N,N, -, -, -
Bucer_Rm_001,bsb10313792_00483.xml,Y,N,N,N,N, -, -, -
Bucer_Rm_001,bsb10313792_00484.xml,Y,N,N,N,N, -, -, -
Bucer_Rm_001,bsb10313792_00485.xml,Y,N,N,N,N, -, -, -
Bucer_Rm_001,bsb10313792_00486.xml,Y,N,N,N,N, -, -, -
Bucer_Rm_001,bsb10313792_00487.xml,Y,N,N,N,N, -, -, -
Bucer_Rm_001,bsb10313792_00488.xml,Y,N,N,N,N, -, -, -
Bucer_Rm_001,bsb10313792_00489.xml,Y,N,N,N,N, -, -, -
Bucer_Rm_001,bsb10313792_00490.xml,Y,N,N,N,N, -, -, -
Bucer_Rm_001,bsb10313792_00491.xml,Y,N,N,N,N, -, -, -
Bucer_Rm_001,bsb10313792_00492.xml,Y,N,N,N,N, -, -, -
Bucer_Rm_001,bsb10313792_00493.xml,Y,N,N,N,N, -, -, -
Bucer_Rm_001,bsb10313792_00494.xml,Y,N,N,N,N, -, -, -
Bucer_Rm_001,bsb10313792_00495.xml,Y,N,N,N,N, -, -, -
Bucer_Rm_001,bsb10313792_00496.xml,Y,N,N,N,N, -, -, -
Bucer_Rm_001,bsb10313792_00497.xml,Y,N,N,N,N, -, -, -
Bucer_Rm_001,bsb10313792_00498.xml,Y,N,N,N,N, -, -, -
Bucer_Rm_001,bsb10313792_00499.xml,Y,N,N,N,N, -, -, -
Bucer_Rm_001,bsb10313792_00500.xml,Y,N,N,N,N, -, -, -
Bucer_Rm_001,bsb10313792_00501.xml,Y,N,N,N,N, -, -, -
Bucer_Rm_001,bsb10313792_00502.xml,Y,N,N,N,N, -, -, -
Bucer_Rm_001,bsb10313792_00503.xml,Y,N,N,N,N, -, -, -
Bucer_Rm_001,bsb10313792_00504.xml,Y,N,N,N,N, -, -, -
Bucer_Rm_001,bsb10313792_00505.xml,Y,N,N,N,N, -, -, -
Bucer_Rm_001,bsb10313792_00506.xml,Y,N,N,N,N, -, -, -
Bucer_Rm_001,bsb10313792_00507.xml,Y,N,N,N,N, -, -, -
Bucer_Rm_001,bsb10313792_00508.xml,Y,N,N,N,N, -, -, -
Bucer_Rm_001,bsb10313792_00509.xml,Y,N,N,N,N, -, -, -
Bucer_Rm_001,bsb10313792_00510.xml,Y,N,N,N,N, -, -, -
Bucer_Rm_001,bsb10313792_00511.xml,Y,N,N,N,N, -, -, -
Bucer_Rm_001,bsb10313792_00512.xml,Y,N,N,N,N, -, -, -
Bucer_Rm_001,bsb10313792_00513.xml,Y,N,N,N,N, -, -, -
Bucer_Rm_001,bsb10313792_00514.xml,Y,N,N,N,N, -, -, -
Bucer_Rm_001,bsb10313792_00515.xml,Y,N,N,N,N, -, -, -
Bucer_Rm_001,bsb10313792_00516.xml,Y,N,N,N,N, -, -, -
Bucer_Rm_001,bsb10313792_00517.xml,Y,N,N,N,N, -, -, -
Bucer_Rm_001,bsb10313792_00518.xml,Y,N,N,N,N, -, -, -
Bucer_Rm_001,bsb10313792_00519.xml,Y,N,N,N,N, -, -, -
lefevre_Rm_001,bsb11059254_00203.xml,Y,N,N,N,N, -, -, -
lefevre_Rm_001,bsb11059254_00204.xml,Y,N,N,N,N, -, -, -
lefevre_Rm_001,bsb11059254_00205.xml,Y,N,N,N,N, -, -, -
lefevre_Rm_001,bsb11059254_00206.xml,Y,N,N,N,N, -, -, -
lefevre_Rm_001,bsb11059254_00207.xml,Y,N,N,N,N, -, -, -
lefevre_Rm_001,bsb11059254_00208.xml,Y,N,N,N,N, -, -, -
lefevre_Rm_001,bsb11059254_00209.xml,Y,N,N,N,N, -, -, -
lefevre_Rm_001,bsb11059254_00210.xml,Y,N,N,N,N, -, -, -
lefevre_Rm_001,bsb11059254_00211.xml,Y,N,N,N,N, -, -, -
lefevre_Rm_001,bsb11059254_00212.xml,Y,N,N,N,N, -, -, -
lefevre_Rm_001,bsb11059254_00213.xml,Y,N,N,N,N, -, -, -
lefevre_Rm_001,bsb11059254_00214.xml,Y,N,N,N,N, -, -, -
lefevre_Rm_001,bsb11059254_00215.xml,Y,N,N,N,N, -, -, -
lefevre_Rm_001,bsb11059254_00216.xml,Y,N,N,N,N, -, -, -
lefevre_Rm_001,bsb11059254_00217.xml,Y,N,N,N,N, -, -, -
lefevre_Rm_001,bsb11059254_00218.xml,Y,N,N,N,N, -, -, -
lefevre_Rm_001,bsb11059254_00219.xml,Y,N,N,N,N, -, -, -
lefevre_Rm_001,bsb11059254_00220.xml,Y,N,N,N,N, -, -, -
lefevre_Rm_001,bsb11059254_00221.xml,Y,N,N,N,N, -, -, -
lefevre_Rm_001,bsb11059254_00222.xml,Y,N,N,N,N, -, -, -
lefevre_Rm_001,bsb11059254_00223.xml,Y,N,N,N,N, -, -, -
lefevre_Rm_001,bsb11059254_00224.xml,Y,N,N,N,N, -, -, -
lefevre_Rm_001,bsb11059254_00225.xml,Y,N,N,N,N, -, -, -
lefevre_Rm_001,bsb11059254_00226.xml,Y,N,N,N,N, -, -, -
lefevre_Rm_001,bsb11059254_00227.xml,Y,N,N,N,N, -, -, -
lefevre_Rm_001,bsb11059254_00228.xml,Y,N,N,N,N, -, -, -
lefevre_Rm_001,bsb11059254_00229.xml,Y,N,N,N,N, -, -, -
lefevre_Rm_001,bsb11059254_00230.xml,Y,N,N,N,N, -, -, -
lefevre_Rm_001,bsb11059254_00231.xml,Y,N,N,N,N, -, -, -
lefevre_Rm_001,bsb11059254_00232.xml,Y,N,N,N,N, -, -, -
lefevre_Rm_001,bsb11059254_00233.xml,Y,N,N,N,N, -, -, -
lefevre_Rm_001,bsb11059254_00234.xml,Y,N,N,N,N, -, -, -
lefevre_Rm_001,bsb11059254_00235.xml,Y,N,N,N,N, -, -, -
lefevre_Rm_001,bsb11059254_00236.xml,Y,N,N,N,N, -, -, -
lefevre_Rm_001,bsb11059254_00237.xml,Y,N,N,N,N, -, -, -
lefevre_Rm_001,bsb11059254_00238.xml,Y,N,N,N,N, -, -, -
lefevre_Rm_001,bsb11059254_00239.xml,Y,N,N,N,N, -, -, -
lefevre_Rm_001,bsb11059254_00240.xml,Y,N,N,N,N, -, -, -
lefevre_Rm_001,bsb11059254_00241.xml,Y,N,N,N,N, -, -, -
lefevre_Rm_001,bsb11059254_00242.xml,Y,N,N,N,N, -, -, -
lefevre_Rm_001,bsb11059254_00243.xml,Y,N,N,N,N, -, -, -
lefevre_Rm_001,bsb11059254_00244.xml,Y,N,N,N,N, -, -, -
lefevre_Rm_001,bsb11059254_00245.xml,Y,N,N,N,N, -, -, -
lefevre_Rm_001,bsb11059254_00246.xml,Y,N,N,N,N, -, -, -
lefevre_Rm_001,bsb11059254_00247.xml,Y,N,N,N,N, -, -, -
lefevre_Rm_001,bsb11059254_00248.xml,Y,N,N,N,N, -, -, -
lefevre_Rm_001,bsb11059254_00249.xml,Y,N,N,N,N, -, -, -
lefevre_Rm_001,bsb11059254_00250.xml,Y,N,N,N,N, -, -, -
lefevre_Rm_001,bsb11059254_00251.xml,Y,N,N,N,N, -, -, -
lefevre_Rm_001,bsb11059254_00252.xml,Y,N,N,N,N, -, -, -
lefevre_Rm_001,bsb11059254_00253.xml,Y,N,N,N,N, -, -, -
lefevre_Rm_001,bsb11059254_00254.xml,Y,N,N,N,N, -, -, -
lefevre_Rm_001,bsb11059254_00255.xml,Y,N,N,N,N, -, -, -
lefevre_Rm_001,bsb11059254_00256.xml,Y,N,N,N,N, -, -, -
lefevre_Rm_001,bsb11059254_00257.xml,Y,N,N,N,N, -, -, -
lefevre_Rm_001,bsb11059254_00258.xml,Y,N,N,N,N, -, -, -
lefevre_Rm_001,bsb11059254_00259.xml,Y,N,N,N,N, -, -, -
lefevre_Rm_001,bsb11059254_00260.xml,Y,N,N,N,N, -, -, -
lefevre_Rm_001,bsb11059254_00261.xml,Y,N,N,N,N, -, -, -
lefevre_Rm_001,bsb11059254_00262.xml,Y,N,N,N,N, -, -, -
lefevre_Rm_001,bsb11059254_00263.xml,Y,N,N,N,N, -, -, -
lefevre_Rm_001,bsb11059254_00264.xml,Y,N,N,N,N, -, -, -
lefevre_Rm_001,bsb11059254_00265.xml,Y,N,N,N,N, -, -, -
lefevre_Rm_001,bsb11059254_00266.xml,Y,N,N,N,N, -, -, -
lefevre_Rm_001,bsb11059254_00267.xml,Y,N,N,N,N, -, -, -
lefevre_Rm_001,bsb11059254_00268.xml,Y,N,N,N,N, -, -, -
lefevre_Rm_001,bsb11059254_00269.xml,Y,N,N,N,N, -, -, -
lefevre_Rm_001,bsb11059254_00270.xml,Y,N,N,N,N, -, -, -
lefevre_Rm_001,bsb11059254_00271.xml,Y,N,N,N,N, -, -, -
lefevre_Rm_001,bsb11059254_00272.xml,Y,N,N,N,N, -, -, -
lefevre_Rm_001,bsb11059254_00273.xml,Y,N,N,N,N, -, -, -
lefevre_Rm_001,bsb11059254_00274.xml,Y,N,N,N,N, -, -, -
lefevre_Rm_001,bsb11059254_00275.xml,Y,N,N,N,N, -, -, -
lefevre_Rm_001,bsb11059254_00276.xml,Y,N,N,N,N, -, -, -
lefevre_Rm_001,bsb11059254_00277.xml,Y,N,N,N,N, -, -, -
lefevre_Rm_001,bsb11059254_00278.xml,Y,N,N,N,N, -, -, -
lefevre_Rm_001,bsb11059254_00279.xml,Y,N,N,N,N, -, -, -
lefevre_Rm_001,bsb11059254_00280.xml,Y,N,N,N,N, -, -, -
lefevre_Rm_001,bsb11059254_00281.xml,Y,N,N,N,N, -, -, -
lefevre_Rm_001,bsb11059254_00282.xml,Y,N,N,N,N, -, -, -
lefevre_Rm_001,bsb11059254_00283.xml,Y,N,N,N,N, -, -, -
lefevre_Rm_001,bsb11059254_00284.xml,Y,N,N,N,N, -, -, -
